lift_1,0.0
lift_10,1.37834579214
lift_5,1.36877394636
